{"cameraMode":{"drawMode":0,"name":"Shaded","section":"Shading Mode"},"sceneLighting":true,"audioPlay":false,"sceneViewState":{"showFog":true,"showMaterialUpdate":false,"showSkybox":true,"showFlares":true,"showImageEffects":true,"showParticleSystems":true,"showVisualEffectGraphs":true,"m_FxEnabled":true},"in2DMode":false,"pivot":{"x":88.53639221191406,"y":24.670249938964845,"z":-38.060577392578128},"rotation":{"x":0.008001415058970452,"y":0.9909167885780335,"z":-0.11527342349290848,"w":0.06878170371055603},"size":1039.09130859375,"orthographic":false}